{
    "version": 9,
    "locations": [
        {
            "className": "Land_KlimaX_T1Door",
            "location": [
                2493.35,
                193.6,
                5081.33
            ],
            "dir": [
                -123.0,
                0.0,
                0.0
            ],
            "autoClose": 180.0,
            "crateLocation": [
                2489.09,
                194.82,
                5074.34
            ],
            "crateDir": [
                75.0,
                0.0,
                0.0
            ],
            "closeDelay": 10.0
        },
        {
            "className": "Land_KlimaX_T1Door",
            "location": [
                9847.759766, 
                283.299988, 
                8708.379883
            ],
            "dir": [
                -96.003,
                0.2308,
                0.5894
            ],
            "autoClose": 180.0,
            "crateLocation": [
                9844.941406, 
                283.347778, 
                8708.894531
            ],
            "crateDir": [
                95.0,
                0.0,
                0.0
            ],
            "closeDelay": 10.0
        },
        {
            "className": "Land_KlimaX_T1Door",
            "location": [
                6198.29,
                301.01,
                7726.8
            ],
            "dir": [
                124,
                0.0,
                0.0
            ],
            "autoClose": 180.0,
            "crateLocation": [
                6200.301270, 
                301.137756, 
                7725.487793
                
            ],
            "crateDir": [
                -45.0,
                0.0,
                0.0
            ],
            "closeDelay": 10.0
        },
        {
            "className": "Land_KlimaX_T1Door",
            "location": [
                7816.770020,
                140.143997,
                12409.500000
            ],
            "dir": [
                1.00002,
                0.0,
                0.0
            ],
            "autoClose": 180.0,
            "crateLocation": [
                7816.721191,
                140.013031,
                12410.583008
                
            ],
            "crateDir": [
                170.0,
                0.0,
                0.0
            ],
            "closeDelay": 10.0
        },
        {
            "className": "Land_KlimaX_T1Door",
            "location": [
                7622.580078,
                214.850006,
                5201.629883
            ],
            "dir": [
                -1.00002,
                0.0,
                0.0
            ],
            "autoClose": 180.0,
            "crateLocation": [
                7622.511719,
                214.923615,
                5202.895996
                
            ],
            "crateDir": [
                160.0,
                0.0,
                0.0
            ],
            "closeDelay": 10.0
        },
        {
            "className": "Land_KlimaX_T2Door",
            "location": [
                2840.07,
                270.742,
                9742.71
            ],
            "dir": [
                -36.0,
                -0.5350,
                -3.30
            ],
            "autoClose": 180.0,
            "crateLocation": [
                2835.42,
                270.7,
                9749.29
            ],
            "crateDir": [
                130.0,
                2.5,
                4.0
            ],
            "closeDelay": 10.0
        },
        {
            "className": "Land_KlimaX_T2Door",
            "location": [
                6035.05,
                267.285,
                10400.7
            ],
            "dir": [
                122.00,
                0.0769,
                0.0481
            ],
            "autoClose": 180.0,
            "crateLocation": [
                6041.54,
                267.351,
                10396.6
            ],
            "crateDir": [
                -35.0,
                0.0,
                0.0
            ],
            "closeDelay": 10.0
        },
        {
            "className": "Land_KlimaX_T2Door",
            "location": [
                3966.530029, 
                311.619995, 
                8777.599609
            ],
            "dir": [
                179.0,
                -1.0002,
                0.0018
            ],
            "autoClose": 180.0,
            "crateLocation": [
                3966.502197, 
                311.533478, 
                8772.284180
            ],
            "crateDir": [
                -30.0,
                0,
                0
            ],
            "closeDelay": 10.0
        },
        {
            "className": "Land_KlimaX_T3Door",
            "location": [
                1747.739990,
                450.299988,
                14021.799805
            ],
            "dir": [
                83.991,
                0.0,
                0.0
            ],
            "autoClose": 180.0,
            "crateLocation": [
                1758.643799, 
                450.303833, 
                14022.893555
            ],
            "crateDir": [
                -70.0,
                0.0,
                0.0
            ],
            "closeDelay": 10.0
        },
        {
            "className": "Land_KlimaX_T4Door",
            "location": [
                4691.109863, 
                339.040009, 
                9517.059570
            ],
            "dir": [
                -90.89,
                0.0,
                0.0
            ],
            "autoClose": 180.0,
            "crateLocation": [
                4691.437500, 
                339.295410, 
                9516.981445
            ],
            "crateDir": [
                0.0,
                0.0,
                0.0
            ],
            "closeDelay": 10.0
        },
        {
            "className": "Land_KlimaX_T4Door",
            "location": [
                4557.640137, 
                317.989990, 
                8354.650391
            ],
            "dir": [
                -44.99,
                0.0,
                0.0
            ],
            "autoClose": 180.0,
            "crateLocation": [
                4557.669922, 
                318.245392, 
                8354.656250
            ],
            "crateDir": [
                0.0,
                0.0,
                0.0
            ],
            "closeDelay": 10.0
        },
        {
            "className": "Land_KlimaX_T4Door",
            "location": [
                6353.870117, 
                304.962006, 
                7809.669922
            ],
            "dir": [
                0.0,
                0.0,
                0.0
            ],
            "autoClose": 180.0,
            "crateLocation": [
                6353.836914, 
                305.217407, 
                7809.646973
            ],
            "crateDir": [
                0.0,
                0.0,
                0.0
            ],
            "closeDelay": 10.0
        },
        {
            "className": "Land_KlimaX_T4Door",
            "location": [
                3100.469971, 
                303.864990, 
                7942.680176
            ],
            "dir": [
                -44.99,
                0.0,
                0.0
            ],
            "autoClose": 180.0,
            "crateLocation": [
                3100.472900, 
                304.120392, 
                7942.468750
            ],
            "crateDir": [
                0.0,
                0.0,
                0.0
            ],
            "closeDelay": 10.0
        },
        {
            "className": "Land_KlimaX_T4Door",
            "location": [
                4187.600098, 
                324.666992, 
                8975.250000
            ],
            "dir": [
                2.0,
                0.0,
                0.0
            ],
            "autoClose": 180.0,
            "crateLocation": [
                4187.655762, 
                324.922394, 
                8975.124023
            ],
            "crateDir": [
                0.0,
                0.0,
                0.0
            ],
            "closeDelay": 10.0
        },
        {
            "className": "Land_KlimaX_T4Door",
            "location": [
                8188.080078, 
                474.040009, 
                9097.259766
            ],
            "dir": [
                67.0,
                0.0,
                0.0
            ],
            "autoClose": 180.0,
            "crateLocation": [
                8187.989746, 
                474.295410, 
                9097.073242
            ],
            "crateDir": [
                0.0,
                0.0,
                0.0
            ],
            "closeDelay": 10.0
        }
    ]
}